-0,392083535705117;1,06727016311248;0,237105709643093;0,774710525227898;-0,39199488611372;-1,25032138965903;-1,20494386989422;0,0995806409150373;0,0794251078716329;0,166382502341785;1,54234257564201;1,49975760561081;-1,17271435104574;0,479871522191128;-1,12085668663003;1,01816210027828;-0,416601804111185;-0,808435197587629;1,59590934467131;0,675809744629527;0,393960733544955;-0,47761297842599;0,736824751645309;-0,95897499561504;0,786094562282538;-1,25285337517222;-1,22661323691176;1,3679234626992;-0,970197887148225;1,38154492577115;-0,206986935528622;-1,55917852467511;1,36096397699869;0,835230095414339;-0,0926027234861077;-1,05066764364597;-1,1638537001748;1,64932140555243;-0,76646658219065;-0,925413106322157;-1,19362125617474;-0,945612233601523;-0,424463374650255;0,868548700492927;0,43786911488648;-0,304634890653711;0,841785788076777;1,19935605346788;1,27953818687632;-0,271581872980366;0,0833514722379195;-0,558021044081694;0,42110829113798;0,649860165776631;1,2361770573526;-1,62219926389453;-1,37728329514823;-0,511648001357268;1,64034140750182;-0,846870217556898;1,62801729180919;-0,921141888036968;-0,637950178552139;0,349605626656946;-1,33435926874499;1,39379239370172;-1,56893507800328;-0,356219001903622;-1,13525446093817;1,5815364015724;0,474287093837683;-0,414197765107155
1,58471823662684;0,808601513938376;0,173123851709944;-0,343393038401258;1,57381877114946;1,49722282698894;0,263956763240838;-0,585970993097746;-0,416268707895246;-0,739256368730072;-1,56307743349578;0,944604374482779;-0,383730669102605;-1,30704176043708;-0,304795605436526;-0,956038149598244;1,2347785029726;-0,158154014220553;-1,33084539215731;0,989846137806336;-1,64048338854041;-1,57085810651528;-0,863508169786201;1,3600114480538;1,32571461593088;0,871051196478151;0,498204299145996;0,693775775695276;-0,416770546452471;-0,481396711014743;0,626590743681638;1,33123584807146;0,898541190382392;-1,16421569407462;-0,487565879273613;1,24302696176874;-1,17337059732555;-0,0852995205846579;-1,51404999525723;-1,19870475132275;0,878401023286806;0,551266445941651;1,23184474231409;0,692538011257687;-0,968615555545445;0,0746313611652858;-0,909210592659632;-1,62746432733137;0,0297498314259578;1,06772998771325;0,0590947807848945;0,692606949457384;1,23881647345974;1,11362216677092;-0,397029678327605;1,50633906134791;0,0228724019303707;0,438742539943111;-0,043477518045171;-0,946469707122899;-0,650218753951261;1,19581112383253;1,45642968964169;-1,58410927867471;0,259783023875257;-1,26868314528028;-1,60317409769382;-0,868752256822188;0,8061542551235;0,0778075690816995;-1,4319048340669;-0,329159258236946
-0,352098080778292;1,47491540647587;-1,62453446489176;-0,631010786003158;-1,25570306221574;0,0189887277682835;0,642507956604749;-0,459267861453289;0,0818109701373162;0,434985401509205;-1,05952706134109;0,0921433107752441;1,05738146099688;1,54252686411684;-1,64398806032469;1,39010988822765;0,825588974759773;-0,428716707439996;-0,49089208848982;-0,0383390759774468;1,56726515255454;1,0296834851382;1,04920717301467;1,28547956152259;0,684508880920549;1,14079410399072;-1,29599889646883;-1,43167020099583;-0,0229494233318125;1,56865948572926;-0,878318737953006;1,56088918669112;0,817361440720389;-1,3415005931168;-0,730365287289449;1,34962748695039;0,972554208041175;-1,56559322671431;1,00527121419414;1,56226564435923;1,36396874362857;-1,3758332229209;0,508302488838147;0,458041175039867;0,491584047061771;-0,393606904746744;-1,11924696930985;0,280965834373295;-1,44387137719982;-1,47146894990553;-0,156010336319314;-0,53764587518494;-1,22019641984549;0,132100823310802;-0,345959015274106;0,228246092671468;-1,31277755113451;-1,29998636782639;0,294507991664253;-0,786469507618502;-0,423498160358596;0,33569237300487;1,17370922046648;0,12317914299602;-0,425181645133494;-1,01038858944425;0,884809528642816;0,660396269517972;0,534406366810584;-1,38358788868711;-1,32093010440923;0,652696416878378
0,230166315474516;-0,416535946164178;0,26325512771866;1,30447643015672;-1,22492677683983;-1,1520386650584;-0,940294431993848;-0,643435817662939;0,591045810407106;0,080831796572088;-1,75674815325802;-0,256561437444699;0,0318683558059874;1,37209750857481;1,13525948483844;-1,0537599665587;0,688108929925927;0,726681292564291;1,01130158081903;0,604101124850765;-0,21489484178415;0,101921678467924;0,304572331410276;-0,695491428003823;-0,934993256474775;-1,36724335804364;-0,846995034019257;-0,200731443057508;0,392655557475601;-0,13085915981147;1,46320877448462;1,66495487853379;1,57068616189245;0,883251686343119;0,982498105844295;0,916299039092017;1,6489374307882;0,108398536937113;-0,259870982327215;1,5551038474854;1,35671957969139;-0,77215359322397;0,361730607767304;1,25105611400929;0,384174458051606;-0,240731550064801;-1,62640504724634;-0,0419679418138886;-0,416359095530217;0,254720865616293;-1,72154021147704;1,60570601726708;-0,682195439374362;-0,209551012999552;-0,82657867959539;-1,64124723873734;1,0068106984565;-0,810745320021445;0,469977810887569;-1,62717529454012;1,42287534499182;0,988355987094618;0,691827600892418;-1,04758690552535;0,345541998118429;-1,69378405576085;-0,0993286233061912;0,876535645493826;-1,37989247301341;-1,55053142999751;-0,974778421315942;-1,18978148275511
-0,87886103548462;1,11693905488691;0,905071522135275;-1,31442764760986;1,40508226941411;0,708373320538078;0,57324508209692;0,964281013590465;-1,61688067890447;0,85189705903245;-1,66105086050459;-1,73987911621241;-0,265904374803815;1,52410818307811;0,501618863899844;-0,0735783463618299;-0,145013980889573;0,782255659279807;1,57685341032183;0,615795686692346;1,3018247968157;-0,492545226146479;-1,74566868776287;-1,50608305326935;0,183313933417905;-0,449918103538829;-0,961083371579916;0,228493471326719;1,52521848988933;-0,870827450575795;-0,522354321746353;-0,729083865043833;-0,632363939256152;1,12915858006931;0,543720517767928;-0,224896117013434;0,466522399598124;-1,48853953708815;-1,48610535811943;-1,65116056661577;0,188369528900442;1,09677140563473;1,55013516189582;-1,37253987800731;0,699539232001991;0,477506054864101;0,787216532181899;0,410690094320965;-0,635946468403087;1,55700529197379;-0,929951973609223;-0,598104913183572;-1,56583509770036;-0,0206111248435836;-0,924785047203207;1,28237186978477;0,982778351984978;0,531325184739828;0,17094609809515;-0,0248290177118561;-0,210372698546802;-1,5350777798946;1,10775020282404;0,922634450794237;-0,505578009885992;0,736720683662152;0,561172502166656;0,273624724249782;-0,899441725354617;-1,15331440975152;1,12858693316296;-0,536303834466223
0,400691701319388;1,27023895994058;-1,26739033246268;-1,46888361988146;-0,290236137863942;1,22255448461719;-0,437878760795262;1,2940794877361;0,439673663031287;0,317676617616625;-0,871409543483945;1,53184650948152;-1,6011106358982;-1,58604565635693;-0,896498445769949;1,00633585367532;0,206406827884427;0,891352333434923;0,466367695449251;1,50193053071778;0,0569789085283048;0,236577530292966;0,255142257029119;-0,0930578534465535;1,55070076656905;-1,08610158883813;0,775089411071213;1,5269583853913;1,48483805415478;-1,1893151240011;-0,467565478247068;-1,18589354703652;-1,26649129321371;1,20396179812543;0,666651478636483;-1,07976186023558;-0,357328366831359;-0,975112452227422;-0,153841914467331;1,2772364315377;-0,686727163186105;0,470105391034468;1,14711821802673;1,10099302985591;1,08975603192444;1,08118214456792;0,831072367014107;-0,47810442406216;-0,0419973940962683;1,11143549250448;-1,56451667298362;-0,0970522325844689;0,097896854984812;1,12997840871477;1,06636259670169;-1,49056954710948;-0,639587015224439;0,386316241033441;-1,45893566640094;-0,858818267161709;-1,20721864458992;-0,404188426136989;1,36989015363089;-0,0256949311035155;-0,869441622272206;-1,34019971458332;1,14365408455933;-1,24442371397406;-0,692048414943842;-1,47142030367027;-0,291019497629224;-0,473164438024049
-0,61970794355388;0,814944096062301;0,587169883333362;1,23474440392797;0,709744521188318;0,778022019867834;0,422371552482508;-1,22730948150327;-0,352714777661444;-0,400173081544327;-0,0668995601664223;-1,32875596188775;-1,32685720602484;1,27972089255839;0,315795063826285;-0,858591384809209;-1,57763654303624;0,553989795343951;1,20619598895676;0,88589635087083;-1,21221158294264;-0,978793697866701;0,89937164466243;1,37257430571136;0,721096950163038;-0,485011532643373;0,356844592782108;0,841849882398488;1,60484560282344;0,467732535370617;-1,49705781188629;-0,214170666566425;-0,242634177248454;0,518905497907732;-1,1820106783212;0,982746752709339;-1,0938089999794;1,58512151643432;-0,588613501370074;0,241285458840863;-1,71391497368488;1,3818287389071;1,14063284217505;0,820369124101268;1,33466040102114;1,07533365454292;-0,399546769592845;-0,50301533490265;-0,0359549769686533;0,366386371852459;-1,4350846735732;0,409946870847557;-1,06485374385689;0,501309559247973;-0,986477735944156;-1,36378098893348;1,58635457317536;0,885377699397485;-1,20921928948137;-0,528110689414611;-1,30168931616058;1,25130379185951;-1,16137296255122;0,850334808743426;-0,625982012904342;-1,5755956368463;0,584660337136187;-0,174980582157088;0,738864827633287;1,00383043289243;-1,48764912807611;-1,49197593769507
-0,656802879211711;-0,832650910354647;0,785276995886282;-0,996236797977367;-0,526550267219512;-1,70936177617332;-1,75002382641667;1,22031407136486;1,48629572956102;-0,936610919315926;-0,918852284759471;-0,56194208304563;0,0955187952851311;-0,316333688939762;-0,945692499308314;0,834652822276209;-0,297789178737736;-1,60766088034411;0,973531826779524;-0,387766340665608;0,977786949731355;1,51099853563236;-0,260587897980329;-1,36356181506161;0,72925507132514;-1,50025984907215;-0,35620842789116;1,09249879596139;-1,30196478140392;1,34863840070282;0,341885773680311;0,541882459209805;0,0472435185231887;-1,73124348236421;-0,807613775394843;1,26716178859192;1,19913790248578;1,50831001566241;0,665237243853721;1,40913982817286;0,756102267056399;-0,928669993217176;-0,520614049268616;1,13674495773279;0,287057919067154;0,90093576663402;-1,1241194439806;1,18516010680077;0,874763803252016;1,23224753944071;-1,74548244527197;0,468747487438353;1,50818697388622;0,403871127790478;-0,965964053013118;-0,596928183326979;0,998810219142771;0,361294686882895;-0,154618637785418;-0,813834542212364;0,217719883234927;-1,27164939086097;0,734734728703779;-1,64988679520681;0,292376538520852;0,110138487547814;0,96168762994827;0,0392181535843424;-1,29626403760992;-0,641981056383146;1,20638815130751;-0,235225962883061
-0,647973417084499;1,20862111678559;0,492918814822446;0,181589888688649;0,308060541226213;0,236791417461005;-0,0191567467024739;1,47532150761309;1,26871353924294;0,0912423553095578;-1,52487546652411;-0,912033242528145;1,38173257876504;1,52061140229444;0,672348574155634;1,28843135605271;0,87548583046225;1,43590678632435;-1,47372706130934;-0,898251765268566;-0,0644971530462621;-0,250285804908379;-0,54096000451764;0,304159047474923;-0,0320760663874563;-0,603760184263957;-0,891658001331891;-1,56611987689876;1,58741586907161;0,473245264263547;0,762598271708627;-0,212216900278516;-1,7187671084687;0,122681302009544;-0,561824513342116;-1,36805816796136;1,62542949264326;0,552530376936376;0,798973054720016;-0,91095724598066;-1,29922299107408;0,0786689811713486;-0,380865337737067;-1,55470543748868;-1,44360569574989;-0,0289827181468574;-1,3387210329801;0,485070842024906;1,14918084361761;1,39359443269607;0,874378093254002;-1,03555696790759;-0,858469840012908;0,433844890670054;1,53703337540394;1,25111844016143;0,00468292005750761;-1,5561384338982;-1,53123224616962;-0,833077475755555;-0,616448782452828;-0,197935071049436;1,53671169087902;-0,94942992626633;0,977450135938477;0,336147486091955;-0,938164335305169;-0,48584692449023;0,337537714390834;0,295508540871266;1,31180791574699;-1,42194274771985
-0,92110389142607;1,2053195479668;-1,14979853205568;1,61199904449823;-1,41186190879947;-0,555898341767417;0,155512489395742;1,74775745807565;-0,826096100913133;0,416431216865489;-0,880911398511334;-1,35056791484303;1,36197796442976;0,204350911518641;-0,91207172359482;-0,335554014353429;0,379966817389631;-0,00634709200121014;0,420296145621184;1,54515319791474;0,481161321321822;0,0433623822808893;1,46531820002899;0,683388302962217;0,33762189340809;-0,987367201153071;-0,703407292700828;0,0258204037500897;-0,657241494567044;0,924150737502612;-1,39543050052013;-0,711041070343134;-1,45915205429969;0,687172547908832;-1,46824218710217;-0,133857948657238;0,18459536492033;-1,50799296074504;1,23875950387746;-0,825248207172878;0,239769359164799;-1,3283365555889;-1,36700704259535;0,889596965792238;-0,696612318506684;1,45426222225458;-0,378674795913855;-0,64269238174937;-0,147819676973186;1,32977578312585;1,05264056424381;-1,05219690059565;-1,51957477400892;1,62973957890195;0,0441828611705667;0,786289254599512;1,49075687624429;-0,0824313067114233;-0,264042319186071;1,32626082066007;-1,3909105193428;-1,40872738463055;0,866579482366484;0,000508689890725732;0,27344224710941;1,58088520013827;-1,42983533081955;-0,863614053755282;0,134173628344602;0,972541753368889;1,23060614903271;0,349540307858464
0,449161247573978;-0,375090470901564;-0,313323014883947;0,207033087488334;-0,2049548952393;-1,06649463913892;-0,236302151967973;0,581766572835447;1,10608008471601;1,67171288112777;-1,4815304565166;-0,316653075125128;1,60175432344184;1,38009171465979;-0,826181178284413;-1,45402875112967;-0,997058862495977;-0,592786285421875;0,0574256323686798;-1,38513504043919;0,450354445618042;1,64406344334239;-1,07687764989549;0,0408446543887745;-0,531250131324771;0,322808207590845;-1,02475842713329;-0,616492307036714;1,31625532049539;-1,16020152255575;0,93248808981067;0,577925581067313;-1,55840026853723;-0,935011588734173;0,126345856252467;0,468161240616625;0,262026964895718;1,50017806813157;-0,716966628500706;0,871737998931934;-1,58232926500108;0,80728868677225;-1,4706326834956;-1,44583241954822;1,68902001073032;-0,522391347767154;0,0603755215594693;0,563765341428664;0,72445670894481;1,63973028164927;-1,62792425016334;-1,00226139606627;-0,787093782903038;0,92184586950757;1,57205247675452;0,53948177171483;-0,958977872834522;1,38021629821052;-0,922481833015345;1,2066208646531;1,69264775547761;-1,28057489675971;0,999895219823303;0,605516555443314;-0,921540260511351;-0,325072070100667;-0,419017858416346;0,876000860347565;-0,407019193421123;0,440041548582204;0,0183282514578526;-0,762852963144302
-1,62092134557129;0,862918292872473;-1,54709955280751;1,32535738668323;1,40268501477128;-1,37343844745139;0,0198284642748826;1,67728435967692;-1,48113921643031;0,0801401072344033;0,330454317454507;1,35918689942845;-1,2735776048863;0,209682059277759;-0,366352225386706;-0,821449325154034;-0,848563997623214;1,26853383108693;-0,303545110088046;0,555678874702064;0,702991288040047;-0,258631155668776;0,856247901623963;1,38114783447429;1,49150340941936;-0,412881023670134;1,15614762437005;0,289902593826344;1,58172383224744;0,861590792381908;-0,764949331367906;-1,45891350220237;-0,10713264043165;0,811597716145299;-1,20624007276852;-0,039814298106926;0,665335981141941;-1,54971970205536;0,76167332354285;-1,40996050795401;-0,438149658827488;-0,991066507314329;0,887301724695393;-0,182572736177634;-0,00629189078540465;1,27067944176874;0,0719844803516957;0,477487784252127;1,65659028345741;-1,41601486448557;-0,0795518661917435;-0,061149655489993;-1,06535403100069;1,08175928913195;0,144621755365364;0,323950977310807;-1,73980537446722;-1,24200622006848;1,52009514447719;0,0690902727256791;-0,843344904608119;1,41616703766186;-1,65091523828625;-0,656488841598893;-0,901386327113421;0,0428920539411427;-0,280156225855627;-0,398934153818282;-0,330553633669449;1,35970323993354;0,199455860917346;-1,04532006128358
-1,05711911623771;-0,455159633329172;-0,568198041875646;0,134839580149594;0,729943042828713;-0,523025490938688;-0,173008221451223;-1,34430284274318;1,39366171555458;-0,884630760176333;0,508302867790641;1,4437490627331;-0,621095220360858;1,1738494798296;1,48533394305211;0,686811700795215;-0,896361499226575;0,344143755926161;0,140796657347909;0,348979390755814;-1,20165490128953;-0,870651708636206;1,31158374686281;0,0187181616063102;-0,90351731371338;-0,0160303151064486;-0,844315967537111;1,83109063220535;-0,00895695848447273;-1,09320513915286;-0,754730280787758;-1,26793470604679;0,258522055412907;-0,596370919937132;-0,38282046182976;1,45347247701348;0,275751192867245;-1,36818247445163;1,66324679694923;0,844182016638299;0,993960389570329;1,49194985183381;0,743645267753948;-1,34064116242406;-0,465000782656241;-1,0333458954417;-1,41657122877409;-0,010911318532268;0,625669750120295;1,09984808558901;-0,882717305674748;1,39191649730898;-0,154184825320015;-1,52726826021935;-1,22640222552705;1,69400442791469;0,113728455324212;1,29355563203424;-0,527655559670667;-0,82003909559848;-1,24472197693522;-0,12362701814038;0,545125951257483;0,92085440117379;1,75057135612762;0,21022512030379;-0,380785446213448;1,85574753509247;-0,00934251187428348;-1,53415098749501;-1,15495194560567;-1,09419147830859
0,346204881609886;0,979644248140277;1,03972961226096;-1,06785795861523;0,0425146271797319;0,886154677075454;-1,34476557347983;-1,70884166503216;-0,401555487508562;0,845882722433091;-0,602291495048988;0,562555709144164;1,48672842937788;-0,505157351667229;0,55746854941141;-0,00521777563718765;-1,19424202636655;-0,433325838556595;-0,46410224535613;0,656175508016334;0,83855546246422;0,712353230535241;0,306620168664645;-0,692653006531464;-0,86833145624127;1,52096496230404;-1,47690973434423;1,00861419444675;1,03193200889311;-1,66322860857913;1,70166059704387;0,379578049776351;0,477291052575171;-1,62484613767025;-0,987954334123691;0,333686392266493;-1,13900271379713;1,27811046610445;-0,373481405951132;0,702800366870922;0,601824217534438;-0,907729274434722;1,02986713352844;-0,654477248367261;-1,59862208878221;1,47021338246409;0,932583388488743;0,232385619484284;1,13076054196032;1,08542573983592;1,02967367075401;-1,65001388406971;0,357748316786986;-0,3724162272208;-0,492286896883415;1,33712620842066;-1,16938291428982;-0,110024374973029;1,50374805497205;0,224824222221702;0,520657417654235;-0,65010521058057;-1,03749911657926;-0,580733872694883;0,847496682735231;0,721405012520674;-1,75714233719646;1,26916757328267;-1,35961001130899;-1,61862483662054;-0,708622055605515;-0,769077935124977
1,54507979131467;0,493953835093856;-1,71303607706084;-0,106584677790219;1,30042863075615;-0,85210174961187;-0,904444819450819;-0,618493169341499;-1,20598676153926;-0,0210354397769069;1,48592557423047;1,55110963462436;-0,95494730561025;1,41769549199409;-1,74391453841579;-0,957864090445405;0,526562066358891;-0,60570913374373;-0,33751206398589;0,624909720191328;1,38766305105764;1,03382342783066;-1,5917008735844;-0,575963529076938;-1,64142791888773;-0,235413219754264;0,175811422221297;-0,60091100898848;1,29965772359679;1,28232184236672;-0,253078590373212;0,845836017510564;-0,0612347661896645;-0,056768607739218;-1,52514769007686;1,43230171154848;-0,420524651645173;1,22575158786598;1,55572341256069;1,32838176191602;-0,979980957113148;0,266306727415414;-0,360508071200402;-1,26457266437441;-0,516603477144374;-0,949609028199371;-1,37640617538947;0,973564721016278;0,648911599826005;0,876080220649241;-1,10147721185751;0,901372948151461;0,387247334670629;0,288851995503707;-0,531302784842687;-1,25338499795236;0,321013347241888;0,464828138207679;-0,229798120338856;-0,228799510925946;0,573987514358418;1,29836687572925;-0,316250206746705;-0,8864079177144;-1,53259821084006;-1,12455180471646;-0,152296960622342;0,703721988320553;1,17820182063458;-1,57431556377269;1,06456124739135;0,902711164684491
-0,405531690838426;0,0863837727188422;-0,00867361616688634;-0,488672485951329;-0,217693237686009;1,41536066557319;1,68117096815864;1,0533365123673;-0,469179432165973;0,948176670512541;0,499412779735996;-1,18134932009187;0,764539574903027;0,594086520293462;-1,14659413330756;1,39256998036034;-1,13076522856339;1,47032136365965;-0,498666830852648;0,861217685317374;-0,156922640951605;0,169645203356954;-0,852951425886594;-0,521592121651067;-1,02353230724883;-1,07977513225268;-1,33576391905173;-0,998326569441944;0,948614675556705;-0,324821785827022;1,53695615039725;0,605141746319277;1,55299409405521;-0,249437251643993;-0,151606696062371;-1,15388861347952;-1,1565071213206;-1,49066626250874;0,863478685976911;0,793311515707932;0,670264465824234;0,608551598866666;-1,20986787167101;1,51161999319865;-0,662459960695868;-0,584509261657224;0,245539707769814;-0,225472746775833;-1,42165594458215;0,346252621234347;0,377421056877936;1,58927174041517;0,825868278428179;-1,25636096555424;-0,398887314125235;1,16492009984369;-0,662494530253744;-1,088911223375;-1,06696990756168;-0,739747834292505;1,14929485576573;1,0776678087414;-1,49710789204859;1,59573934770012;1,15131751415436;1,63436802745579;-0,994246420108021;-0,58785290231216;-0,856136512503347;-1,59453524868722;0,947247372821763;-1,24192869491383
-0,941457608450819;0,477631090637482;-1,35042559377366;0,995372811564778;-0,181646438683643;-0,577111267707343;-1,39967742435684;1,31639101623456;0,444849402377825;0,656294521900345;-1,12191677648904;-0,945863662686151;1,05755187520142;1,6966626627046;1,5310545129018;1,22439928873106;-1,39123803124582;0,453491190782067;1,26489156769421;1,68163665849787;1,33146263123016;0,0383438380314675;1,39804872696807;1,34748448553182;0,532415028629242;-1,01080709515949;-1,18389474253248;-0,510495262126508;-1,1352827836481;-0,718678051037509;-0,918032964728717;-1,36819871260993;1,15711493703611;0,0541987374109627;1,00304920297588;-1,16673795621855;-1,38625685258487;0,397456266914739;-0,174051301963257;1,71072023378985;-1,17234207526584;-0,580525914327876;0,612791953826335;-1,02735746227737;0,680418847825267;1,25874938518706;-0,989600311051992;1,22057183883861;-1,42511714982367;-0,417021005703991;-0,688062049648786;0,489698494900124;-1,04781175942175;1,03492395501597;-0,767644551360085;0,768306139937723;0,82768995008942;-0,949802492885474;-1,07524307642665;-0,709040202886337;-0,931417384537055;0,858925424189675;0,913472940520472;-0,374673405946853;0,0361266272668748;-1,29191892324129;-0,354871013302248;-0,534847721571729;-0,844587399633464;1,15959160975816;1,07245528195374;-0,0405867117405528
-0,963982750427216;1,22093969379885;1,23426775687176;0,304202762894389;1,09394851150453;0,811120758073914;-0,92495995163315;0,943985085803122;1,6401860437701;-0,712902700403225;-0,680537658238408;0,951955469012786;1,63089594316867;0,271214179588988;1,34479336809457;-1,46293672644937;-0,772141719652054;-1,35180950679801;-0,308054940173896;1,23019532547223;-0,12952522528371;-1,05536465323101;1,02510845965213;-0,344428159776289;0,186038892818636;-0,60861635346693;0,611103524715107;0,36378799293382;0,00961182937828338;1,21212874348016;0,455434380130194;-0,890863089471994;0,190504206236513;1,02184578289286;-0,200951882126586;-0,659215174513303;1,38382593054151;0,534142167029274;1,26090262871475;1,60236241857486;1,58345298192031;-0,409344614742699;-0,743978671442334;1,38954809140437;-0,119844300555491;1,54622472197601;-0,404554715015798;1,36072652847419;-1,02408571999334;-0,535875524358573;-1,40436881101968;-1,13051952964796;-0,195467138791932;1,42495455827875;-1,55898142924626;-1,49219891992127;-1,38774958857835;-0,00488490607701702;-1,46541695264932;0,118984042246394;-1,38356358936626;0,372376414463925;-0,649207566300231;-1,15552352243513;0,492787278497476;-1,37325539149148;-0,822129559948796;-0,974530662449257;-1,1114147610095;0,420427719882804;-1,18563829795998;0,354840472349568
-1,10790695495505;-0,35966211576034;1,29938014056556;-1,48312279011093;1,34399141422004;1,28746654588969;1,43647286558699;0,22657021288662;1,45833782356158;0,877081220833248;-0,30257018383539;-1,20007258129943;1,00644061787424;-0,0915299056727781;0,934856266232387;0,3605323680497;0,968436420111719;-0,405518993065554;-1,00504903456108;-0,301678288433979;0,349136854228299;-0,564617774299139;1,4000402043795;-0,490934893441258;-1,52569351602481;-1,34277873510121;-0,825815842297121;-0,4458304874832;0,742061714273831;-1,17398173674403;0,852639345420723;0,136725176856759;-1,08897458178415;-0,198560729575187;1,48511191842346;-1,72390272613072;-1,65650159676175;1,40383225372214;-1,35212996485559;-1,18432180677219;0,140015256139706;-0,206174493500881;0,250123800440807;-0,769476599041198;-1,17599797824061;-1,36692022339303;-0,655875619818169;-1,25874909553088;-0,816268997101365;0,345240044474863;-0,425036478814963;0,803078720673896;-0,422323899405841;0,62015814771996;1,61061292177879;1,13246171915297;-0,0839514203309546;0,00906470401292932;-1,73867960408001;0,905519819327362;0,332032058192926;0,101053023076304;1,16025939842167;0,85106923031172;-1,75680845458136;1,23645553911673;1,5646529002936;-0,57624898254446;0,0991090757126475;0,877508662369218;0,235783634817561;1,24035506619846
-0,822479579351703;-1,55223104697025;1,14488561049313;-1,19461206942412;0,790110691617176;0,340524329330866;-1,07121599634322;1,41394750417561;0,911687205673122;-1,31099568503377;-1,37042923193258;-1,34533840513298;0,852684089869708;-1,6755894696735;-1,19105742704568;-0,0604702623511536;-0,155610853008467;-1,38734621272384;0,00532242919983031;-0,0190378596353171;1,26585890710906;-0,582119159650077;0,122865663581323;-1,68566871750662;0,265442066545725;0,993434402824275;-0,783753337525499;-0,729340100219474;-1,22303153223241;1,48921729777685;0,273597720408435;-0,0458673338139098;-1,61862757599146;-0,0188716639821912;-0,165225156262112;-0,600852084919811;0,981115143529825;0,974885871477059;-1,46456668413362;1,11585644365717;-0,671609355298825;-1,53124092238939;1,48569727298631;-0,124682308591874;-0,284913689045774;0,697318470737784;1,49291696751777;1,54105521128408;0,615501297436434;-0,202964685074309;1,14380840674914;-0,269845434725296;-0,922243044830138;-1,50817399513875;1,44995949410067;1,32458314250973;-0,110153148340209;1,10783187489738;0,104889426241512;1,36161985100426;-0,598444786245998;1,22306766608762;0,914256583305655;0,987413470107637;-0,0196498432308438;0,240381664092686;-1,44943328224388;-0,851166699250464;0,054579248799973;0,974738220085492;0,523358156330381;0,434446837725834
-1,63583399694224;0,516858127766953;-1,04602171128811;1,15240864671788;-0,464485273533237;-1,46122536968668;0,219342502699116;1,2125735769683;1,14326815754826;-0,727936803200379;0,276661504480779;0,609599157976515;-1,3609047483744;-1,15789295726529;-0,816592249565267;1,54207525873047;0,149555301637067;0,128050907320043;1,15227255930615;1,52540333920179;-0,823131856122462;-1,2419167626113;0,0423942554881806;-0,286994059333003;-0,851659237876082;-1,20418737519348;1,54763263220188;1,11680657303717;0,485714282214636;0,688006069656788;-0,191157326140606;1,2870388283219;0,910726324049338;-0,987804237852205;-0,304762151726183;0,244050745484813;1,20627244982068;-1,32997312743058;0,158393147293631;-0,31566467876877;-0,747633869367107;0,601284408902384;-1,41139266963684;-1,54951793511996;-0,686820665719514;-1,33633126841127;0,709168299365607;-0,526219014858332;-0,60095240763002;-1,32160737853483;0,684216398089487;1,63423237111539;1,55329758773791;0,717441452573413;-0,3954698622384;1,26138782018535;-1,24053150757848;0,896277402561192;0,289072504736716;-0,975293278197012;-1,35355294737226;0,757840984178239;-0,988136085103588;-1,25973329196578;1,11852557745652;0,644927730675171;1,35417788844347;1,2822045439941;0,802174248977194;0,594662059466216;-1,37919257094746;-0,235466950789605
1,89335724222195;-0,0120981160590593;0,807380986216153;0,474384974898106;-1,33375004116664;0,114091036257268;-1,09928526506564;-1,01292449676147;-0,0232869206135166;0,604637959122057;0,242185457225309;0,333347731925375;-1,5023954423202;0,066250134103885;1,6532272401727;-1,30951584724172;1,32132789471421;0,330119895854103;0,00484417985440347;-1,19072122100566;0,276279516063687;-0,352318667381724;-0,449827784861055;0,391878675324254;0,111554837810469;1,76987337346721;-0,791453526826486;0,568707896992127;-0,814320408803755;1,34097069142891;0,572122952411776;0,707273186098078;-1,44763913037834;-0,570143851250714;-1,49681768625344;0,326257388763726;-1,34400628732729;1,2866959430697;1,35078602108001;0,786835386777932;0,744689934295452;0,0402795537660961;1,19418874306306;0,181248454703808;-0,737689688773436;0,824481910347546;-1,0467170579919;-0,194627924791707;1,16683283156031;1,42099913136946;-1,2831034031075;-0,780499067943979;-0,666441721095732;-1,47998410788187;1,64766197455453;0,739423111964001;-1,06852312883768;-1,09075048674778;-1,14342266055204;-1,17938201828713;-0,600708234555921;0,256248234288945;1,72563730838899;0,559983784304282;-1,47373779092939;1,45915366747394;0,274734064664042;0,99198980527722;0,0568150227176467;-0,179282946230698;-1,4717623575541;-1,47162084599517
0,699871570898389;0,969995570425748;-0,335405147029054;-1,760391730245;0,104742631124432;1,14079589943148;-0,749081986169951;1,04815996380674;1,1602311137061;1,17955958378422;1,17808904426069;-0,674831061530921;0,942347796624456;-0,496637589556415;-0,472765391359807;-1,99088138289699;-0,655009646673821;-0,675873709452506;-0,448924063681732;1,56839997617241;0,722835694938976;0,836068178378085;-0,457114532030313;-1,47468692170212;-0,0524033755524124;-1,30971711792734;-0,154432240008712;-0,631285050234376;-1,40530275103322;-0,452311648846636;1,57045170043967;-0,504001129370253;1,2464388762849;-1,81413079986268;-0,0509508503097967;-0,191988698157427;0,192672945134197;1,27490653309176;-1,6181410913643;-0,81785082740329;1,04687090496551;-0,809983585587321;-0,96275229013938;-0,327157829920019;0,644186337011435;0,277595644411798;1,22368495200052;0,360974752677032;-0,226066973627082;-0,0484360339137447;-0,572542584601459;-1,61007692547105;1,77828035132798;-1,70182708603058;-0,856102646919856;1,7188295053753;-0,600378204830047;-0,888206532613041;0,147037758162402;-0,613028558234339;-0,732260167845912;1,73722917691942;0,425974407553856;-0,414945544733371;1,46413399619954;-0,34539813365517;-0,0662438249608346;0,728990289201027;1,40933937360837;1,57424941965261;-0,328528215176193;-0,0748900669105915
-0,896861232596725;-1,37855251991794;-1,25034391301193;-0,400709913034678;-0,177229401437776;1,46420011000358;-0,206785245174614;1,29613484731571;-0,555051023615064;1,14036460842742;1,23293966616866;0,433413443566897;-1,58749395843462;0,983610699404587;-0,344072425446485;0,788475560057598;0,768497083756249;0,0865046500804364;-1,3453979537661;-0,780406481680905;-0,740928491927762;0,728939210154593;1,50147417619153;0,993379545350635;0,53499473233955;1,11314400325562;0,0684318194506123;-0,857107849230061;-1,3996295738139;-1,2728888022456;0,692601031432598;0,060849842463524;-1,45318676529626;1,1552810047975;1,13242603858028;1,19895191992211;1,40882495491235;1,26972511363496;-0,0523187404044254;-0,380338390943542;1,04882841285601;0,415667307073479;-1,63360428223027;-0,167303328973562;-1,44702935069738;1,5127369315197;-0,434742191428137;-1,42714090321382;-1,61973356804978;0,744138382164052;1,4322316440208;-0,576070476444261;0,994381062975672;-1,16922627431687;-0,995610542335322;-0,0524173982940015;-1,30664365165216;-0,670340413905247;0,637678399083089;0,283009639763924;-0,292737513863156;-1,03818320036068;1,00725861671348;-0,970668025785592;-1,24074222742131;-0,516415980710997;0,198094404447033;-1,16939191877481;1,42456770528163;0,0303586990887177;0,953033649602561;1,07215501457861
-1,62674191332851;0,726241553527252;-0,216012715641519;0,517399864096182;0,797893091347003;0,0414447882403946;0,882793696964395;0,712413030756824;-0,0903691495405827;-0,147409185903871;-0,946578542054184;-0,558964092591385;-1,17103523263829;-0,394811108253402;0,760618506966626;1,46887847524772;0,567118222321319;-0,486213113008237;0,95387004114293;0,488911526008191;-1,0889554645603;1,41286945588534;1,68297933846216;0,497466684910165;1,13345296427438;1,05566194404592;-0,607683141236111;0,763799987638194;-0,344686570436107;-0,977082186896045;-1,33086775342538;-0,0206844075290865;1,55072590221279;-1,38549826597584;-0,716529548546536;-1,35716991414119;0,782596486024518;0,238485959528656;0,986404136779038;0,375305834052989;0,227750673252259;-1,73227242832815;-1,31620361549786;1,66967318240208;1,65604523370186;-0,0579232169295648;-1,60248598507369;0,883417401551226;0,517757492994589;0,588564498825082;-0,000715062506484826;0,32433910441803;0,920682171453992;-1,16492307210558;0,542827994736211;-1,2611163438503;0,821757240428629;1,06501562481186;1,16244192518534;1,52072617266462;-1,12898017951203;-1,65911439966233;-0,721008507795604;-0,891395071633073;-0,594649541467028;0,852600890838444;-0,331194969440634;-1,56364507565098;-1,4563896686954;0,339680312119278;-1,09182611976534;-1,44947584619587
0,31384625559107;-1,19310587141924;-1,51083190598528;-1,1282872854605;0,959589254266148;-1,7589385779988;0,628204216227481;-0,579670897241443;0,888592007719324;0,295344172010528;-1,52596563380066;0,853760769340181;0,81060088134589;0,13107102234765;0,84563700918702;0,946151509926649;-0,142326040574322;-1,22711782549669;-0,393181701602854;1,50525435192158;0,86306532258076;1,25309536400333;-0,26644295287578;0,116525045966572;0,775668608242367;1,36272019019414;0,494366429861294;-0,967997116844484;-1,49870869398489;1,74908020903964;0,569927515523614;-1,59400004281611;-0,0901593154802603;-0,322024631096444;-1,75377816433883;0,350123287066139;-1,41987620066649;-0,0929336116686586;-0,426369558622356;0,816930493047703;-1,32670661420436;-0,0213061543349255;-1,13092057104035;0,370146020919146;1,66078265880008;0,220115849566998;0,0927159544581656;1,06929302259093;-1,75677008729764;0,517934941581565;0,372709446100744;1,56486567652264;-1,03139340318611;-0,802572327493727;-0,518396620289459;0,848711496695386;0,861297686564184;0,160603653155794;-0,11599528859522;1,38482966917966;-0,465344402752447;-0,176056928359792;-0,853220464688313;0,927472403787327;1,51337726159456;-1,7042238524163;-0,828338176611316;-0,639632748989423;0,112590925254723;-1,27674453931087;0,593769449161385;1,73856817620198
1,10442279639654;0,698650620461869;1,17627713366783;-0,754224239907898;0,732262364343217;1,26714175875012;0,367436988251418;-1,08015790854653;-0,371975016073651;1,32826311517763;-0,848983966770326;-0,100804327896635;-0,266541746893811;0,911936720958614;1,34047497322729;-0,92467394428904;-1,43618723232813;-0,68151015072792;1,39145594779656;0,331532560562612;-1,60797692298871;0,102837514277985;-0,359812018563232;0,757591406270267;-0,806221148221196;-0,142187359195675;0,764944762133083;1,70464574660012;-0,591581348022218;-0,904913168257968;-0,682528247068039;1,42233149983716;1,82297617522459;0,544270602350804;-1,0582512390261;0,303022957667027;0,0522098480938587;-1,26458799309173;-1,39596146272844;1,61061647107769;1,81577508518913;-0,539783654905873;0,239690198836286;0,234492959494966;-0,830492256684652;1,27908755832115;-0,319087491201339;-0,916801820076916;-1,00572844190083;-1,40136042331462;-0,70279740572858;-0,711850810260496;-0,632980799275789;-1,2479368494786;1,82632691738721;-0,629250975052397;-0,572373618145855;-1,21215052977339;-1,57883934885766;-0,756386533632064;-1,12863926055392;0,560936553831253;1,40956875165564;-1,09789810498664;0,379955105074714;-0,373170154427527;-0,0256351909412664;1,08733296293534;0,339351702813762;-0,593384241610693;0,921261519797059;1,72654607294356
-1,15416421599846;1,51544418770538;0,214175432879101;0,64212547677605;1,60010638248279;1,12956899777415;-0,255542245016821;-0,404083811405453;-1,70709165777962;-0,159200165860818;0,89885058736678;-1,05610967114897;1,5329765014812;-1,85889057595696;0,225051127543972;1,26970237559273;0,422145032412236;1,29960213336131;-0,988615229597915;-0,588525399979351;-1,5658116018415;1,08300413260663;0,928558266099957;-0,598319612004914;-0,264238580030177;-0,513202842290988;1,59125065407057;1,27047016942675;-0,547008492212611;0,294223547275339;0,44878875514811;1,31673463167112;-0,648185221057916;-0,757959448771394;-1,67866720425656;-0,637224048813593;0,0314982838287606;-0,864176435629027;-0,718049730449775;-0,189008053275604;0,538025923160455;0,309389802639426;-1,17154939792619;0,527583892535396;1,2074380449435;0,405379481377792;-1,13297229077128;0,149095387700583;0,920411351332706;0,233236052442511;-1,4043283320234;0,578763373914192;-1,72236097169775;-0,564479696001488;1,24112563982935;-0,496294709738579;-1,30216596820565;-1,07655684492706;-0,982687833004844;0,224257334962708;1,27919198257009;0,21486122442294;-1,74612720900391;-0,260441566188452;1,13288471785758;1,32298959456217;1,33294918877546;0,401884060441528;1,5606502671661;-1,02677671345351;-0,650847798047098;-0,602730421769808
0,154776164582003;0,947464704554976;0,628557893400822;-0,101687967963593;0,385854028574191;-1,42215820814747;-0,0339513704567709;1,07425827013982;-1,2087418178655;-0,406572880832946;-1,47182209597449;0,966351340638364;-0,156479318933278;1,6006355462843;1,15110954117426;1,64576719728209;-0,222526193823413;0,574108985437839;-1,16467983116027;-0,73245976558019;-1,6976773385014;0,808272836387961;0,295308001746468;-1,49805507162576;0,191710465644151;0,838705092840678;1,13699438229238;1,6147040501362;0,822647902878955;0,230290312382917;0,35056063851752;0,0860445917198867;-0,950925111533812;0,945522909248156;-1,37417840581845;-0,870731957371271;0,577591694309844;-0,471634996099691;0,886804339762643;-1,63193409969707;0,740612307832545;-0,276035922199888;-0,356451566957366;-0,129619533275804;-0,102536412857039;-0,912800580427718;1,65919280415293;1,26115179441694;-1,64458102905594;1,41116638801999;-1,16940710009522;-0,835762262243915;-1,62079317300808;-1,68632586155485;-0,67417379178131;1,07391830027673;-1,16111864284621;0,313337619371867;1,43401653847495;1,2745639078162;-0,831737618357157;0,0787595514897202;-1,56166497839386;0,288382841834275;0,970281452732224;0,169548284388313;0,104001106517458;0,625412743901255;1,16153860644802;0,20856615289081;-0,745099842682474;-1,56416654337844
1,61318027099511;-1,28653167693185;0,394392051340553;0,448411645137232;-0,553952015618353;-1,33098907023815;0,475849380333159;-0,617196416599116;1,07982646223084;1,81120891042885;1,64604548095356;1,32347264672349;-0,307150842553666;-0,531266284527778;0,0154504617855584;-1,00488713219151;-0,0760771431179375;-0,629713755539499;-1,47230249008985;-1,49975057427435;-0,0599627652081994;1,53433744529437;1,1011391201339;-1,08213741375929;-0,42696121670852;1,26432186991518;0,786347972002274;1,65583520333447;0,873630356329118;-0,691487886657185;-1,67267921909334;-0,00481542778682063;0,487502434991023;-1,3626757752678;-0,422151316454195;1,65301252535763;-0,0967427017627354;0,912339883971206;0,0318688031361954;-1,53863925579307;1,92212329850151;0,473338209337082;-1,3911638895108;-0,615952717891176;0,505540846775402;-0,894887185321762;-1,04001042184178;-0,0996706879717843;-1,48742822441;-0,535937347974276;-0,917088675183563;0,199661514730089;0,0413066928087399;-0,932917233285831;0,48592073686133;-1,69846394927305;-0,446054589772867;-0,300777309873945;-0,901933913128035;0,12334232175934;-0,175720834947547;0,761630384291565;0,450789434364643;-0,00599242608575692;1,7065813545484;-0,126445866233404;-0,941336563241322;-0,721781842259649;1,83250123921929;0,30405414372081;1,0334717768641;0,953199180203734
1,10501119778193;-1,73153014970501;-1,51273232215865;1,22666802576588;0,979980582867869;-0,166023867268212;0,226741208667933;-1,3506799371837;0,390890138348168;-0,954178514325336;1,18649694031486;-0,457666747192897;-1,5804908874448;-0,0432206395671926;1,68868784282809;-0,447375203606522;-0,0207026241103595;-0,584040220201334;0,196225327703507;-1,60094334068525;-0,0738606081505919;1,64567849533621;0,439893933122668;-0,693878742070775;-1,77305682784989;0,418790088860313;-0,470164958401531;-1,19509166708905;-1,75039050702792;1,4306335874285;-0,0999620124536038;0,0334620140873688;0,244066884164444;-0,0412737764966341;0,707848879758371;-0,132656030544804;-1,27536661921091;0,85766818906812;-0,96722240328547;1,36651410556387;1,11152385654812;-1,40803573396543;1,34959204493665;-1,11582739282455;1,15931064142119;-1,01818332238633;-0,328551776377055;-0,241689493831275;-0,185094210811592;1,17816096905632;0,95970479961306;0,418547178921039;1,71563630328663;0,677684556841022;-0,925525310776477;1,19176081344702;-0,438995971826371;0,913574530913434;1,20528372141178;-1,23325063819643;-1,49030004107067;-0,372608256447005;-1,39473056235977;0,692684661920977;0,878211609129576;-0,641406205976503;1,03069447964397;0,193211000053146;0,981358591675744;0,0269027411689032;-0,966449716599604;0,854057297822829
-1,38661945374367;0,447459418973424;-0,985843164877956;-0,502765403578379;-1,46756633844329;-0,296860083478451;-0,187229272211468;0,833546901341221;-1,04816898211995;1,3227819098647;0,596434377063643;-1,18667216839399;-1,30506764773624;1,05322419539364;-0,0282876261294484;1,13212248081153;-0,920924961630673;1,08537893067756;-1,4580367309802;-0,499277391029334;1,21205297938902;-1,49550248213754;0,912377238413144;-0,363395189022107;1,5227614537359;-1,13221890488461;-0,318135086701066;-0,0691609343295845;-0,369102337219615;1,05020030930606;0,398424851362952;1,33809706041812;0,25045443621003;-1,6445605394247;-0,0421253199126541;-0,670687911190291;-0,202059000245313;1,1027147080671;0,757447299859685;1,34899037421143;-0,781436451073843;-1,53109773206795;1,36211797603056;-1,24773495782476;0,51739674075517;1,35054151546482;0,131106599346973;1,22312049591457;0,892297587877862;1,28593998423535;-0,717247543181339;1,28683069736088;-0,33470288110045;1,0611915007105;1,04184266427841;-1,6338664335259;1,07020947770406;0,912679321287926;-0,4903995601705;1,19977986358509;-1,72147445869715;1,41705895926189;-0,540100223358934;-0,563241994282234;-0,818392403418022;0,793464613789299;0,0980006925397533;-1,40325657023131;-0,647399946613472;-1,10034917685893;-0,408567980862922;-0,488512372554004
-1,5741716268307;-1,42201569219963;-1,62290283747623;0,99716198596708;-1,47587928997234;0,376437123466494;0,628727154443404;-1,73994818605086;0,221467437963458;-0,0744274389382893;0,542846448130555;-0,195569106215432;-0,0416081933027316;0,620621091163218;-0,142373940313495;0,703310214535251;-1,29359492288284;-0,228672235353372;-0,286973659328477;0,379658974443896;-0,227210322987129;1,09552758460432;1,34563298355841;-0,774149826126004;0,511398125496667;0,126511021921871;1,10935724000056;1,27253926492062;-0,589797698425858;-0,289758965461231;0,0681267857946967;0,19814708905415;-0,119262757089852;1,3229314507305;0,952977191720917;-0,925524741085444;0,761484376578154;-1,87917995019187;1,23495180087165;-1,22825470486306;-1,64825730049679;-0,773352822538985;-0,93533948426971;-0,259770868399751;-1,0253949484485;1,11910650698327;0,940507989179259;0,00663592555956263;-1,00407669381833;0,899573563776602;1,2981834193445;1,03797429107115;0,614048827242428;0,683912628193188;1,20567010154258;-1,10324764388453;-1,20119710820754;0,717698556200269;-1,43753618778633;-0,0359387443437194;0,833531451016429;0,922639457073279;0,41630107992549;-1,41207364483206;1,42389734281751;-1,57860068918034;1,49014521842491;0,20191192351726;1,23409546699279;-1,1401492474848;1,50827740550759;-1,33771502094772
